Precision,Recall,Test Loss,MSE,RMSE
0.6257215261157257,0.8823704586063132,1.106231451034546,1.106231451034546,1.051775336265564
0.6138143363897999,0.9103633114949374,1.0906280279159546,1.0906280279159546,1.044331431388855
