Precision,Recall,Test Loss,MSE,RMSE
0.6138143363897999,0.9103633114949374,1.0906280279159546,1.0906280279159546,1.044331431388855
