Precision,Recall,Test Loss,MSE,RMSE
0.6395939086294417,0.8505062537224538,1.1392064094543457,1.1392064094543457,1.067336082458496
