Precision,Recall,Test Loss,MSE,RMSE
0.6151837856406733,0.8888227119317054,1.1139719486236572,1.1139719486236572,1.0554486513137817
