Precision,Recall,Test Loss,MSE,RMSE
0.6252915451895044,0.8515981735159818,1.1408820152282715,1.1408820152282715,1.0681208372116089
0.6151837856406733,0.8888227119317054,1.1139719486236572,1.1139719486236572,1.0554486513137817
